"","analytic$ALCGRP","mean","sd"
"1",1,7.08724058416603,1.71574811160133
"2",2,7.02107954271381,1.47370894448503
"3",3,7.06689303904924,1.45887190880906
