,analytic$ASTHMA4,mean,sd
2,1,6.843714609,1.808283109
1,0,7.08176404,1.554411083
