"","analytic$ASTHMA4","mean","sd"
"1",0,7.0817640397601,1.55441108261503
"2",1,6.84371460928652,1.80828310940373
