"","analytic$EXERANY3","mean","sd"
"1",1,7.03624588970607,1.45029656688412
"2",2,7.12318174858368,1.9265034929458
"3",9,7.21686746987952,2.37388326901398
