"","analytic$X_HISPANC","mean","sd"
"1",1,6.68114643976713,1.75274698190527
"2",2,7.07509668673498,1.57198129521363
"3",9,7.02716468590832,1.68202045102382
