"","analytic$HLTHPLN2","mean","sd"
"1",1,7.06937501234958,1.56303570855499
"2",2,6.79711451758341,1.94496928453316
"3",9,7.06369426751592,1.99897899792209
