"","analytic$INCOME3","mean","sd"
"1",1,6.65326086956522,2.21685849968091
"2",2,7.03255813953488,2.20478309494273
"3",3,7.01036914143509,1.97039718087498
"4",4,7.04872881355932,1.83916435806451
"5",5,7.13408139977178,1.67711677580776
"6",6,7.08875661375661,1.57484879852489
"7",7,7.05383046237534,1.44212583029016
"8",8,7.01280200815814,1.3045042799811
"9",9,7.16301703163017,1.67700827870889
"10",NA,6.5,2.38047614284762
