"","analytic$SEX","mean","sd"
"1",1,7.0764982742391,1.57765045557775
"2",2,6.87428571428571,1.57769448337639
"3",9,7.5,3.09399669262599
