"","analytic$SMOKGRP","mean","sd"
"1",1,6.71543162719633,1.8226816941263
"2",2,7.11755912539045,1.53006404616619
"3",9,7.11935483870968,1.51645117886767
